{"cameraMode":{"drawMode":0,"name":"Shaded","section":"Shading Mode"},"sceneLighting":false,"audioPlay":false,"sceneViewState":{"m_AlwaysRefresh":false,"showFog":true,"showSkybox":false,"showFlares":true,"showImageEffects":true,"showParticleSystems":true,"showVisualEffectGraphs":true,"m_FxEnabled":true},"in2DMode":false,"pivot":{"x":-10.760000228881836,"y":9.443422317504883,"z":5.422499656677246},"rotation":{"x":0.039994582533836368,"y":0.9382521510124207,"z":0.11567433178424835,"w":-0.3238481283187866},"size":0.21650634706020356,"orthographic":false}